task_id,episode_idx,name,difficulty_level
289,0,LIVING_ROOM_SCENE2_put_both_the_alphabet_soup_and_the_tomato_sauce_in_the_basket_view_0_0_100_0_0_initstate_1,2
290,0,LIVING_ROOM_SCENE2_put_both_the_alphabet_soup_and_the_tomato_sauce_in_the_basket_view_0_0_100_0_0_initstate_11,2
291,0,LIVING_ROOM_SCENE2_put_both_the_alphabet_soup_and_the_tomato_sauce_in_the_basket_view_0_0_100_0_0_initstate_51,1
292,0,LIVING_ROOM_SCENE2_put_both_the_alphabet_soup_and_the_tomato_sauce_in_the_basket_view_0_0_100_0_0_initstate_71,1
293,0,LIVING_ROOM_SCENE2_put_both_the_alphabet_soup_and_the_tomato_sauce_in_the_basket_view_0_0_100_0_0_initstate_81,2
294,0,LIVING_ROOM_SCENE2_put_both_the_alphabet_soup_and_the_tomato_sauce_in_the_basket_view_0_0_100_0_0_initstate_121,1
295,0,LIVING_ROOM_SCENE2_put_both_the_alphabet_soup_and_the_tomato_sauce_in_the_basket_view_0_0_100_0_0_initstate_131,4
296,0,LIVING_ROOM_SCENE2_put_both_the_alphabet_soup_and_the_tomato_sauce_in_the_basket_view_0_0_100_0_0_initstate_141,2
297,0,LIVING_ROOM_SCENE2_put_both_the_alphabet_soup_and_the_tomato_sauce_in_the_basket_view_0_0_100_0_0_initstate_151,1
298,0,LIVING_ROOM_SCENE2_put_both_the_alphabet_soup_and_the_tomato_sauce_in_the_basket_view_0_0_100_0_0_initstate_161,5
299,0,LIVING_ROOM_SCENE2_put_both_the_alphabet_soup_and_the_tomato_sauce_in_the_basket_view_0_0_100_0_0_initstate_171,3
300,0,LIVING_ROOM_SCENE2_put_both_the_alphabet_soup_and_the_tomato_sauce_in_the_basket_view_0_0_100_0_0_initstate_191,2
301,0,LIVING_ROOM_SCENE2_put_both_the_alphabet_soup_and_the_tomato_sauce_in_the_basket_view_0_0_100_0_0_initstate_201,2
302,0,LIVING_ROOM_SCENE2_put_both_the_alphabet_soup_and_the_tomato_sauce_in_the_basket_view_0_0_100_0_0_initstate_211,5
303,0,LIVING_ROOM_SCENE2_put_both_the_alphabet_soup_and_the_tomato_sauce_in_the_basket_view_0_0_100_0_0_initstate_221,4
304,0,LIVING_ROOM_SCENE2_put_both_the_alphabet_soup_and_the_tomato_sauce_in_the_basket_view_0_0_100_0_0_initstate_231,5
305,0,LIVING_ROOM_SCENE2_put_both_the_alphabet_soup_and_the_tomato_sauce_in_the_basket_view_0_0_100_0_0_initstate_241,4
306,0,LIVING_ROOM_SCENE2_put_both_the_alphabet_soup_and_the_tomato_sauce_in_the_basket_view_0_0_100_0_0_initstate_251,2
307,0,LIVING_ROOM_SCENE2_put_both_the_alphabet_soup_and_the_tomato_sauce_in_the_basket_view_0_0_100_0_0_initstate_261,2
308,0,LIVING_ROOM_SCENE2_put_both_the_alphabet_soup_and_the_tomato_sauce_in_the_basket_view_0_0_100_0_0_initstate_271,2
309,0,LIVING_ROOM_SCENE2_put_both_the_alphabet_soup_and_the_tomato_sauce_in_the_basket_view_0_0_100_0_0_initstate_281,5
310,0,LIVING_ROOM_SCENE2_put_both_the_alphabet_soup_and_the_tomato_sauce_in_the_basket_view_0_0_100_0_0_initstate_291,4
311,0,LIVING_ROOM_SCENE2_put_both_the_alphabet_soup_and_the_tomato_sauce_in_the_basket_view_0_0_100_0_0_initstate_301,4
312,0,LIVING_ROOM_SCENE2_put_both_the_alphabet_soup_and_the_tomato_sauce_in_the_basket_view_0_0_100_0_0_initstate_311,5
313,0,LIVING_ROOM_SCENE2_put_both_the_alphabet_soup_and_the_tomato_sauce_in_the_basket_view_0_0_100_0_0_initstate_321,4
314,0,LIVING_ROOM_SCENE2_put_both_the_alphabet_soup_and_the_tomato_sauce_in_the_basket_view_0_0_100_0_0_initstate_331,3
315,0,LIVING_ROOM_SCENE2_put_both_the_alphabet_soup_and_the_tomato_sauce_in_the_basket_view_0_0_100_0_0_initstate_341,1
316,0,LIVING_ROOM_SCENE2_put_both_the_alphabet_soup_and_the_tomato_sauce_in_the_basket_view_0_0_100_0_0_initstate_351,3
317,0,LIVING_ROOM_SCENE2_put_both_the_alphabet_soup_and_the_tomato_sauce_in_the_basket_view_0_0_100_0_0_initstate_361,4
318,0,LIVING_ROOM_SCENE2_put_both_the_alphabet_soup_and_the_tomato_sauce_in_the_basket_view_0_0_100_0_0_initstate_371,4
319,0,LIVING_ROOM_SCENE2_put_both_the_alphabet_soup_and_the_tomato_sauce_in_the_basket_view_0_0_100_0_0_initstate_381,3
320,0,LIVING_ROOM_SCENE2_put_both_the_alphabet_soup_and_the_tomato_sauce_in_the_basket_view_0_0_100_0_0_initstate_391,4
321,0,LIVING_ROOM_SCENE2_put_both_the_alphabet_soup_and_the_tomato_sauce_in_the_basket_view_0_0_100_0_0_initstate_401,4
322,0,LIVING_ROOM_SCENE2_put_both_the_alphabet_soup_and_the_tomato_sauce_in_the_basket_view_0_0_100_0_0_initstate_411,5
323,0,LIVING_ROOM_SCENE2_put_both_the_alphabet_soup_and_the_tomato_sauce_in_the_basket_view_0_0_100_0_0_initstate_421,3
324,0,LIVING_ROOM_SCENE2_put_both_the_alphabet_soup_and_the_tomato_sauce_in_the_basket_view_0_0_100_0_0_initstate_441,2
325,0,LIVING_ROOM_SCENE2_put_both_the_alphabet_soup_and_the_tomato_sauce_in_the_basket_view_0_0_100_0_0_initstate_451,1
326,0,LIVING_ROOM_SCENE2_put_both_the_alphabet_soup_and_the_tomato_sauce_in_the_basket_view_0_0_100_0_0_initstate_461,3
327,0,LIVING_ROOM_SCENE2_put_both_the_alphabet_soup_and_the_tomato_sauce_in_the_basket_view_0_0_100_0_0_initstate_471,4
328,0,LIVING_ROOM_SCENE2_put_both_the_alphabet_soup_and_the_tomato_sauce_in_the_basket_view_0_0_100_0_0_initstate_481,3
329,0,LIVING_ROOM_SCENE2_put_both_the_alphabet_soup_and_the_tomato_sauce_in_the_basket_view_0_0_100_0_0_initstate_491,5
330,0,LIVING_ROOM_SCENE2_put_both_the_cream_cheese_box_and_the_butter_in_the_basket_view_0_0_100_0_0_initstate_2,2
331,0,LIVING_ROOM_SCENE2_put_both_the_cream_cheese_box_and_the_butter_in_the_basket_view_0_0_100_0_0_initstate_42,1
332,0,LIVING_ROOM_SCENE2_put_both_the_cream_cheese_box_and_the_butter_in_the_basket_view_0_0_100_0_0_initstate_62,1
333,0,LIVING_ROOM_SCENE2_put_both_the_cream_cheese_box_and_the_butter_in_the_basket_view_0_0_100_0_0_initstate_132,1
334,0,LIVING_ROOM_SCENE2_put_both_the_cream_cheese_box_and_the_butter_in_the_basket_view_0_0_100_0_0_initstate_142,2
335,0,LIVING_ROOM_SCENE2_put_both_the_cream_cheese_box_and_the_butter_in_the_basket_view_0_0_100_0_0_initstate_152,2
336,0,LIVING_ROOM_SCENE2_put_both_the_cream_cheese_box_and_the_butter_in_the_basket_view_0_0_100_0_0_initstate_162,1
337,0,LIVING_ROOM_SCENE2_put_both_the_cream_cheese_box_and_the_butter_in_the_basket_view_0_0_100_0_0_initstate_172,1
338,0,LIVING_ROOM_SCENE2_put_both_the_cream_cheese_box_and_the_butter_in_the_basket_view_0_0_100_0_0_initstate_192,1
339,0,LIVING_ROOM_SCENE2_put_both_the_cream_cheese_box_and_the_butter_in_the_basket_view_0_0_100_0_0_initstate_212,3
340,0,LIVING_ROOM_SCENE2_put_both_the_cream_cheese_box_and_the_butter_in_the_basket_view_0_0_100_0_0_initstate_222,4
341,0,LIVING_ROOM_SCENE2_put_both_the_cream_cheese_box_and_the_butter_in_the_basket_view_0_0_100_0_0_initstate_242,2
342,0,LIVING_ROOM_SCENE2_put_both_the_cream_cheese_box_and_the_butter_in_the_basket_view_0_0_100_0_0_initstate_252,3
343,0,LIVING_ROOM_SCENE2_put_both_the_cream_cheese_box_and_the_butter_in_the_basket_view_0_0_100_0_0_initstate_262,1
344,0,LIVING_ROOM_SCENE2_put_both_the_cream_cheese_box_and_the_butter_in_the_basket_view_0_0_100_0_0_initstate_282,1
345,0,LIVING_ROOM_SCENE2_put_both_the_cream_cheese_box_and_the_butter_in_the_basket_view_0_0_100_0_0_initstate_292,3
346,0,LIVING_ROOM_SCENE2_put_both_the_cream_cheese_box_and_the_butter_in_the_basket_view_0_0_100_0_0_initstate_302,3
347,0,LIVING_ROOM_SCENE2_put_both_the_cream_cheese_box_and_the_butter_in_the_basket_view_0_0_100_0_0_initstate_312,5
348,0,LIVING_ROOM_SCENE2_put_both_the_cream_cheese_box_and_the_butter_in_the_basket_view_0_0_100_0_0_initstate_322,4
349,0,LIVING_ROOM_SCENE2_put_both_the_cream_cheese_box_and_the_butter_in_the_basket_view_0_0_100_0_0_initstate_332,3
350,0,LIVING_ROOM_SCENE2_put_both_the_cream_cheese_box_and_the_butter_in_the_basket_view_0_0_100_0_0_initstate_342,5
351,0,LIVING_ROOM_SCENE2_put_both_the_cream_cheese_box_and_the_butter_in_the_basket_view_0_0_100_0_0_initstate_352,3
352,0,LIVING_ROOM_SCENE2_put_both_the_cream_cheese_box_and_the_butter_in_the_basket_view_0_0_100_0_0_initstate_362,3
353,0,LIVING_ROOM_SCENE2_put_both_the_cream_cheese_box_and_the_butter_in_the_basket_view_0_0_100_0_0_initstate_372,5
354,0,LIVING_ROOM_SCENE2_put_both_the_cream_cheese_box_and_the_butter_in_the_basket_view_0_0_100_0_0_initstate_382,4
355,0,LIVING_ROOM_SCENE2_put_both_the_cream_cheese_box_and_the_butter_in_the_basket_view_0_0_100_0_0_initstate_392,3
356,0,LIVING_ROOM_SCENE2_put_both_the_cream_cheese_box_and_the_butter_in_the_basket_view_0_0_100_0_0_initstate_412,5
357,0,LIVING_ROOM_SCENE2_put_both_the_cream_cheese_box_and_the_butter_in_the_basket_view_0_0_100_0_0_initstate_422,4
358,0,LIVING_ROOM_SCENE2_put_both_the_cream_cheese_box_and_the_butter_in_the_basket_view_0_0_100_0_0_initstate_432,3
359,0,LIVING_ROOM_SCENE2_put_both_the_cream_cheese_box_and_the_butter_in_the_basket_view_0_0_100_0_0_initstate_442,2
360,0,LIVING_ROOM_SCENE2_put_both_the_cream_cheese_box_and_the_butter_in_the_basket_view_0_0_100_0_0_initstate_452,5
361,0,LIVING_ROOM_SCENE2_put_both_the_cream_cheese_box_and_the_butter_in_the_basket_view_0_0_100_0_0_initstate_462,5
362,0,LIVING_ROOM_SCENE2_put_both_the_cream_cheese_box_and_the_butter_in_the_basket_view_0_0_100_0_0_initstate_472,3
363,0,LIVING_ROOM_SCENE2_put_both_the_cream_cheese_box_and_the_butter_in_the_basket_view_0_0_100_0_0_initstate_482,1
364,0,LIVING_ROOM_SCENE2_put_both_the_cream_cheese_box_and_the_butter_in_the_basket_view_0_0_100_0_0_initstate_492,2
365,0,KITCHEN_SCENE3_turn_on_the_stove_and_put_the_moka_pot_on_it_view_0_0_100_0_0_initstate_3,2
366,0,KITCHEN_SCENE3_turn_on_the_stove_and_put_the_moka_pot_on_it_view_0_0_100_0_0_initstate_13,1
367,0,KITCHEN_SCENE3_turn_on_the_stove_and_put_the_moka_pot_on_it_view_0_0_100_0_0_initstate_23,1
368,0,KITCHEN_SCENE3_turn_on_the_stove_and_put_the_moka_pot_on_it_view_0_0_100_0_0_initstate_43,2
369,0,KITCHEN_SCENE3_turn_on_the_stove_and_put_the_moka_pot_on_it_view_0_0_100_0_0_initstate_63,1
370,0,KITCHEN_SCENE3_turn_on_the_stove_and_put_the_moka_pot_on_it_view_0_0_100_0_0_initstate_73,1
371,0,KITCHEN_SCENE3_turn_on_the_stove_and_put_the_moka_pot_on_it_view_0_0_100_0_0_initstate_83,1
372,0,KITCHEN_SCENE3_turn_on_the_stove_and_put_the_moka_pot_on_it_view_0_0_100_0_0_initstate_103,2
373,0,KITCHEN_SCENE3_turn_on_the_stove_and_put_the_moka_pot_on_it_view_0_0_100_0_0_initstate_113,1
374,0,KITCHEN_SCENE3_turn_on_the_stove_and_put_the_moka_pot_on_it_view_0_0_100_0_0_initstate_123,3
375,0,KITCHEN_SCENE3_turn_on_the_stove_and_put_the_moka_pot_on_it_view_0_0_100_0_0_initstate_133,2
376,0,KITCHEN_SCENE3_turn_on_the_stove_and_put_the_moka_pot_on_it_view_0_0_100_0_0_initstate_153,2
377,0,KITCHEN_SCENE3_turn_on_the_stove_and_put_the_moka_pot_on_it_view_0_0_100_0_0_initstate_163,1
378,0,KITCHEN_SCENE3_turn_on_the_stove_and_put_the_moka_pot_on_it_view_0_0_100_0_0_initstate_173,1
379,0,KITCHEN_SCENE3_turn_on_the_stove_and_put_the_moka_pot_on_it_view_0_0_100_0_0_initstate_183,1
380,0,KITCHEN_SCENE3_turn_on_the_stove_and_put_the_moka_pot_on_it_view_0_0_100_0_0_initstate_193,1
381,0,KITCHEN_SCENE3_turn_on_the_stove_and_put_the_moka_pot_on_it_view_0_0_100_0_0_initstate_203,2
382,0,KITCHEN_SCENE3_turn_on_the_stove_and_put_the_moka_pot_on_it_view_0_0_100_0_0_initstate_213,2
383,0,KITCHEN_SCENE3_turn_on_the_stove_and_put_the_moka_pot_on_it_view_0_0_100_0_0_initstate_223,2
384,0,KITCHEN_SCENE3_turn_on_the_stove_and_put_the_moka_pot_on_it_view_0_0_100_0_0_initstate_233,1
385,0,KITCHEN_SCENE3_turn_on_the_stove_and_put_the_moka_pot_on_it_view_0_0_100_0_0_initstate_243,2
386,0,KITCHEN_SCENE3_turn_on_the_stove_and_put_the_moka_pot_on_it_view_0_0_100_0_0_initstate_253,2
387,0,KITCHEN_SCENE3_turn_on_the_stove_and_put_the_moka_pot_on_it_view_0_0_100_0_0_initstate_263,2
388,0,KITCHEN_SCENE3_turn_on_the_stove_and_put_the_moka_pot_on_it_view_0_0_100_0_0_initstate_273,1
389,0,KITCHEN_SCENE3_turn_on_the_stove_and_put_the_moka_pot_on_it_view_0_0_100_0_0_initstate_283,4
390,0,KITCHEN_SCENE3_turn_on_the_stove_and_put_the_moka_pot_on_it_view_0_0_100_0_0_initstate_293,3
391,0,KITCHEN_SCENE3_turn_on_the_stove_and_put_the_moka_pot_on_it_view_0_0_100_0_0_initstate_303,2
392,0,KITCHEN_SCENE3_turn_on_the_stove_and_put_the_moka_pot_on_it_view_0_0_100_0_0_initstate_313,2
393,0,KITCHEN_SCENE3_turn_on_the_stove_and_put_the_moka_pot_on_it_view_0_0_100_0_0_initstate_323,3
394,0,KITCHEN_SCENE3_turn_on_the_stove_and_put_the_moka_pot_on_it_view_0_0_100_0_0_initstate_333,2
395,0,KITCHEN_SCENE3_turn_on_the_stove_and_put_the_moka_pot_on_it_view_0_0_100_0_0_initstate_343,2
396,0,KITCHEN_SCENE3_turn_on_the_stove_and_put_the_moka_pot_on_it_view_0_0_100_0_0_initstate_353,2
397,0,KITCHEN_SCENE3_turn_on_the_stove_and_put_the_moka_pot_on_it_view_0_0_100_0_0_initstate_363,5
398,0,KITCHEN_SCENE3_turn_on_the_stove_and_put_the_moka_pot_on_it_view_0_0_100_0_0_initstate_373,3
399,0,KITCHEN_SCENE3_turn_on_the_stove_and_put_the_moka_pot_on_it_view_0_0_100_0_0_initstate_383,2
400,0,KITCHEN_SCENE3_turn_on_the_stove_and_put_the_moka_pot_on_it_view_0_0_100_0_0_initstate_393,3
401,0,KITCHEN_SCENE3_turn_on_the_stove_and_put_the_moka_pot_on_it_view_0_0_100_0_0_initstate_403,5
402,0,KITCHEN_SCENE3_turn_on_the_stove_and_put_the_moka_pot_on_it_view_0_0_100_0_0_initstate_413,4
403,0,KITCHEN_SCENE3_turn_on_the_stove_and_put_the_moka_pot_on_it_view_0_0_100_0_0_initstate_433,3
404,0,KITCHEN_SCENE3_turn_on_the_stove_and_put_the_moka_pot_on_it_view_0_0_100_0_0_initstate_453,3
405,0,KITCHEN_SCENE3_turn_on_the_stove_and_put_the_moka_pot_on_it_view_0_0_100_0_0_initstate_463,1
406,0,KITCHEN_SCENE3_turn_on_the_stove_and_put_the_moka_pot_on_it_view_0_0_100_0_0_initstate_473,2
407,0,KITCHEN_SCENE3_turn_on_the_stove_and_put_the_moka_pot_on_it_view_0_0_100_0_0_initstate_483,4
408,0,KITCHEN_SCENE3_turn_on_the_stove_and_put_the_moka_pot_on_it_view_0_0_100_0_0_initstate_493,3
409,0,KITCHEN_SCENE4_put_the_black_bowl_in_the_bottom_drawer_of_the_cabinet_and_close_it_view_0_0_100_0_0_initstate_4,4
410,0,KITCHEN_SCENE4_put_the_black_bowl_in_the_bottom_drawer_of_the_cabinet_and_close_it_view_0_0_100_0_0_initstate_14,3
411,0,KITCHEN_SCENE4_put_the_black_bowl_in_the_bottom_drawer_of_the_cabinet_and_close_it_view_0_0_100_0_0_initstate_24,4
412,0,KITCHEN_SCENE4_put_the_black_bowl_in_the_bottom_drawer_of_the_cabinet_and_close_it_view_0_0_100_0_0_initstate_44,3
413,0,KITCHEN_SCENE4_put_the_black_bowl_in_the_bottom_drawer_of_the_cabinet_and_close_it_view_0_0_100_0_0_initstate_54,3
414,0,KITCHEN_SCENE4_put_the_black_bowl_in_the_bottom_drawer_of_the_cabinet_and_close_it_view_0_0_100_0_0_initstate_74,3
415,0,KITCHEN_SCENE4_put_the_black_bowl_in_the_bottom_drawer_of_the_cabinet_and_close_it_view_0_0_100_0_0_initstate_84,2
416,0,KITCHEN_SCENE4_put_the_black_bowl_in_the_bottom_drawer_of_the_cabinet_and_close_it_view_0_0_100_0_0_initstate_94,3
417,0,KITCHEN_SCENE4_put_the_black_bowl_in_the_bottom_drawer_of_the_cabinet_and_close_it_view_0_0_100_0_0_initstate_104,3
418,0,KITCHEN_SCENE4_put_the_black_bowl_in_the_bottom_drawer_of_the_cabinet_and_close_it_view_0_0_100_0_0_initstate_114,3
419,0,KITCHEN_SCENE4_put_the_black_bowl_in_the_bottom_drawer_of_the_cabinet_and_close_it_view_0_0_100_0_0_initstate_124,3
420,0,KITCHEN_SCENE4_put_the_black_bowl_in_the_bottom_drawer_of_the_cabinet_and_close_it_view_0_0_100_0_0_initstate_144,2
421,0,KITCHEN_SCENE4_put_the_black_bowl_in_the_bottom_drawer_of_the_cabinet_and_close_it_view_0_0_100_0_0_initstate_164,3
422,0,KITCHEN_SCENE4_put_the_black_bowl_in_the_bottom_drawer_of_the_cabinet_and_close_it_view_0_0_100_0_0_initstate_174,2
423,0,KITCHEN_SCENE4_put_the_black_bowl_in_the_bottom_drawer_of_the_cabinet_and_close_it_view_0_0_100_0_0_initstate_184,3
424,0,KITCHEN_SCENE4_put_the_black_bowl_in_the_bottom_drawer_of_the_cabinet_and_close_it_view_0_0_100_0_0_initstate_194,4
425,0,KITCHEN_SCENE4_put_the_black_bowl_in_the_bottom_drawer_of_the_cabinet_and_close_it_view_0_0_100_0_0_initstate_204,4
426,0,KITCHEN_SCENE4_put_the_black_bowl_in_the_bottom_drawer_of_the_cabinet_and_close_it_view_0_0_100_0_0_initstate_224,4
427,0,KITCHEN_SCENE4_put_the_black_bowl_in_the_bottom_drawer_of_the_cabinet_and_close_it_view_0_0_100_0_0_initstate_234,3
428,0,KITCHEN_SCENE4_put_the_black_bowl_in_the_bottom_drawer_of_the_cabinet_and_close_it_view_0_0_100_0_0_initstate_244,2
429,0,KITCHEN_SCENE4_put_the_black_bowl_in_the_bottom_drawer_of_the_cabinet_and_close_it_view_0_0_100_0_0_initstate_254,3
430,0,KITCHEN_SCENE4_put_the_black_bowl_in_the_bottom_drawer_of_the_cabinet_and_close_it_view_0_0_100_0_0_initstate_264,3
431,0,KITCHEN_SCENE4_put_the_black_bowl_in_the_bottom_drawer_of_the_cabinet_and_close_it_view_0_0_100_0_0_initstate_274,4
432,0,KITCHEN_SCENE4_put_the_black_bowl_in_the_bottom_drawer_of_the_cabinet_and_close_it_view_0_0_100_0_0_initstate_284,3
433,0,KITCHEN_SCENE4_put_the_black_bowl_in_the_bottom_drawer_of_the_cabinet_and_close_it_view_0_0_100_0_0_initstate_294,4
434,0,KITCHEN_SCENE4_put_the_black_bowl_in_the_bottom_drawer_of_the_cabinet_and_close_it_view_0_0_100_0_0_initstate_304,3
435,0,KITCHEN_SCENE4_put_the_black_bowl_in_the_bottom_drawer_of_the_cabinet_and_close_it_view_0_0_100_0_0_initstate_314,5
436,0,KITCHEN_SCENE4_put_the_black_bowl_in_the_bottom_drawer_of_the_cabinet_and_close_it_view_0_0_100_0_0_initstate_324,3
437,0,KITCHEN_SCENE4_put_the_black_bowl_in_the_bottom_drawer_of_the_cabinet_and_close_it_view_0_0_100_0_0_initstate_334,4
438,0,KITCHEN_SCENE4_put_the_black_bowl_in_the_bottom_drawer_of_the_cabinet_and_close_it_view_0_0_100_0_0_initstate_344,3
439,0,KITCHEN_SCENE4_put_the_black_bowl_in_the_bottom_drawer_of_the_cabinet_and_close_it_view_0_0_100_0_0_initstate_354,3
440,0,KITCHEN_SCENE4_put_the_black_bowl_in_the_bottom_drawer_of_the_cabinet_and_close_it_view_0_0_100_0_0_initstate_364,3
441,0,KITCHEN_SCENE4_put_the_black_bowl_in_the_bottom_drawer_of_the_cabinet_and_close_it_view_0_0_100_0_0_initstate_374,3
442,0,KITCHEN_SCENE4_put_the_black_bowl_in_the_bottom_drawer_of_the_cabinet_and_close_it_view_0_0_100_0_0_initstate_384,4
443,0,KITCHEN_SCENE4_put_the_black_bowl_in_the_bottom_drawer_of_the_cabinet_and_close_it_view_0_0_100_0_0_initstate_394,3
444,0,KITCHEN_SCENE4_put_the_black_bowl_in_the_bottom_drawer_of_the_cabinet_and_close_it_view_0_0_100_0_0_initstate_404,2
445,0,KITCHEN_SCENE4_put_the_black_bowl_in_the_bottom_drawer_of_the_cabinet_and_close_it_view_0_0_100_0_0_initstate_414,4
446,0,KITCHEN_SCENE4_put_the_black_bowl_in_the_bottom_drawer_of_the_cabinet_and_close_it_view_0_0_100_0_0_initstate_424,5
447,0,KITCHEN_SCENE4_put_the_black_bowl_in_the_bottom_drawer_of_the_cabinet_and_close_it_view_0_0_100_0_0_initstate_434,5
448,0,KITCHEN_SCENE4_put_the_black_bowl_in_the_bottom_drawer_of_the_cabinet_and_close_it_view_0_0_100_0_0_initstate_444,5
449,0,KITCHEN_SCENE4_put_the_black_bowl_in_the_bottom_drawer_of_the_cabinet_and_close_it_view_0_0_100_0_0_initstate_454,3
450,0,KITCHEN_SCENE4_put_the_black_bowl_in_the_bottom_drawer_of_the_cabinet_and_close_it_view_0_0_100_0_0_initstate_464,5
451,0,KITCHEN_SCENE4_put_the_black_bowl_in_the_bottom_drawer_of_the_cabinet_and_close_it_view_0_0_100_0_0_initstate_484,4
452,0,KITCHEN_SCENE4_put_the_black_bowl_in_the_bottom_drawer_of_the_cabinet_and_close_it_view_0_0_100_0_0_initstate_494,4
453,0,LIVING_ROOM_SCENE5_put_the_white_mug_on_the_left_plate_and_put_the_yellow_and_white_mug_on_the_right_plate_view_0_0_100_0_0_initstate_45,1
454,0,LIVING_ROOM_SCENE5_put_the_white_mug_on_the_left_plate_and_put_the_yellow_and_white_mug_on_the_right_plate_view_0_0_100_0_0_initstate_65,1
455,0,LIVING_ROOM_SCENE5_put_the_white_mug_on_the_left_plate_and_put_the_yellow_and_white_mug_on_the_right_plate_view_0_0_100_0_0_initstate_95,1
456,0,LIVING_ROOM_SCENE5_put_the_white_mug_on_the_left_plate_and_put_the_yellow_and_white_mug_on_the_right_plate_view_0_0_100_0_0_initstate_105,3
457,0,LIVING_ROOM_SCENE5_put_the_white_mug_on_the_left_plate_and_put_the_yellow_and_white_mug_on_the_right_plate_view_0_0_100_0_0_initstate_115,3
458,0,LIVING_ROOM_SCENE5_put_the_white_mug_on_the_left_plate_and_put_the_yellow_and_white_mug_on_the_right_plate_view_0_0_100_0_0_initstate_125,3
459,0,LIVING_ROOM_SCENE5_put_the_white_mug_on_the_left_plate_and_put_the_yellow_and_white_mug_on_the_right_plate_view_0_0_100_0_0_initstate_135,2
460,0,LIVING_ROOM_SCENE5_put_the_white_mug_on_the_left_plate_and_put_the_yellow_and_white_mug_on_the_right_plate_view_0_0_100_0_0_initstate_145,3
461,0,LIVING_ROOM_SCENE5_put_the_white_mug_on_the_left_plate_and_put_the_yellow_and_white_mug_on_the_right_plate_view_0_0_100_0_0_initstate_155,1
462,0,LIVING_ROOM_SCENE5_put_the_white_mug_on_the_left_plate_and_put_the_yellow_and_white_mug_on_the_right_plate_view_0_0_100_0_0_initstate_175,2
463,0,LIVING_ROOM_SCENE5_put_the_white_mug_on_the_left_plate_and_put_the_yellow_and_white_mug_on_the_right_plate_view_0_0_100_0_0_initstate_185,4
464,0,LIVING_ROOM_SCENE5_put_the_white_mug_on_the_left_plate_and_put_the_yellow_and_white_mug_on_the_right_plate_view_0_0_100_0_0_initstate_195,3
465,0,LIVING_ROOM_SCENE5_put_the_white_mug_on_the_left_plate_and_put_the_yellow_and_white_mug_on_the_right_plate_view_0_0_100_0_0_initstate_205,5
466,0,LIVING_ROOM_SCENE5_put_the_white_mug_on_the_left_plate_and_put_the_yellow_and_white_mug_on_the_right_plate_view_0_0_100_0_0_initstate_215,5
467,0,LIVING_ROOM_SCENE5_put_the_white_mug_on_the_left_plate_and_put_the_yellow_and_white_mug_on_the_right_plate_view_0_0_100_0_0_initstate_225,3
468,0,LIVING_ROOM_SCENE5_put_the_white_mug_on_the_left_plate_and_put_the_yellow_and_white_mug_on_the_right_plate_view_0_0_100_0_0_initstate_235,5
469,0,LIVING_ROOM_SCENE5_put_the_white_mug_on_the_left_plate_and_put_the_yellow_and_white_mug_on_the_right_plate_view_0_0_100_0_0_initstate_245,4
470,0,LIVING_ROOM_SCENE5_put_the_white_mug_on_the_left_plate_and_put_the_yellow_and_white_mug_on_the_right_plate_view_0_0_100_0_0_initstate_255,1
471,0,LIVING_ROOM_SCENE5_put_the_white_mug_on_the_left_plate_and_put_the_yellow_and_white_mug_on_the_right_plate_view_0_0_100_0_0_initstate_265,5
472,0,LIVING_ROOM_SCENE5_put_the_white_mug_on_the_left_plate_and_put_the_yellow_and_white_mug_on_the_right_plate_view_0_0_100_0_0_initstate_285,4
473,0,LIVING_ROOM_SCENE5_put_the_white_mug_on_the_left_plate_and_put_the_yellow_and_white_mug_on_the_right_plate_view_0_0_100_0_0_initstate_295,4
474,0,LIVING_ROOM_SCENE5_put_the_white_mug_on_the_left_plate_and_put_the_yellow_and_white_mug_on_the_right_plate_view_0_0_100_0_0_initstate_305,4
475,0,LIVING_ROOM_SCENE5_put_the_white_mug_on_the_left_plate_and_put_the_yellow_and_white_mug_on_the_right_plate_view_0_0_100_0_0_initstate_315,3
476,0,LIVING_ROOM_SCENE5_put_the_white_mug_on_the_left_plate_and_put_the_yellow_and_white_mug_on_the_right_plate_view_0_0_100_0_0_initstate_335,5
477,0,LIVING_ROOM_SCENE5_put_the_white_mug_on_the_left_plate_and_put_the_yellow_and_white_mug_on_the_right_plate_view_0_0_100_0_0_initstate_345,4
478,0,LIVING_ROOM_SCENE5_put_the_white_mug_on_the_left_plate_and_put_the_yellow_and_white_mug_on_the_right_plate_view_0_0_100_0_0_initstate_355,5
479,0,LIVING_ROOM_SCENE5_put_the_white_mug_on_the_left_plate_and_put_the_yellow_and_white_mug_on_the_right_plate_view_0_0_100_0_0_initstate_365,4
480,0,LIVING_ROOM_SCENE5_put_the_white_mug_on_the_left_plate_and_put_the_yellow_and_white_mug_on_the_right_plate_view_0_0_100_0_0_initstate_375,5
481,0,LIVING_ROOM_SCENE5_put_the_white_mug_on_the_left_plate_and_put_the_yellow_and_white_mug_on_the_right_plate_view_0_0_100_0_0_initstate_385,3
482,0,LIVING_ROOM_SCENE5_put_the_white_mug_on_the_left_plate_and_put_the_yellow_and_white_mug_on_the_right_plate_view_0_0_100_0_0_initstate_395,5
483,0,LIVING_ROOM_SCENE5_put_the_white_mug_on_the_left_plate_and_put_the_yellow_and_white_mug_on_the_right_plate_view_0_0_100_0_0_initstate_405,5
484,0,LIVING_ROOM_SCENE5_put_the_white_mug_on_the_left_plate_and_put_the_yellow_and_white_mug_on_the_right_plate_view_0_0_100_0_0_initstate_415,4
485,0,LIVING_ROOM_SCENE5_put_the_white_mug_on_the_left_plate_and_put_the_yellow_and_white_mug_on_the_right_plate_view_0_0_100_0_0_initstate_445,1
486,0,LIVING_ROOM_SCENE5_put_the_white_mug_on_the_left_plate_and_put_the_yellow_and_white_mug_on_the_right_plate_view_0_0_100_0_0_initstate_455,5
487,0,LIVING_ROOM_SCENE5_put_the_white_mug_on_the_left_plate_and_put_the_yellow_and_white_mug_on_the_right_plate_view_0_0_100_0_0_initstate_465,5
488,0,LIVING_ROOM_SCENE5_put_the_white_mug_on_the_left_plate_and_put_the_yellow_and_white_mug_on_the_right_plate_view_0_0_100_0_0_initstate_475,4
489,0,LIVING_ROOM_SCENE5_put_the_white_mug_on_the_left_plate_and_put_the_yellow_and_white_mug_on_the_right_plate_view_0_0_100_0_0_initstate_485,5
490,0,LIVING_ROOM_SCENE5_put_the_white_mug_on_the_left_plate_and_put_the_yellow_and_white_mug_on_the_right_plate_view_0_0_100_0_0_initstate_495,5
491,0,STUDY_SCENE1_pick_up_the_book_and_place_it_in_the_back_compartment_of_the_caddy_view_0_0_100_0_0_initstate_6,1
492,0,STUDY_SCENE1_pick_up_the_book_and_place_it_in_the_back_compartment_of_the_caddy_view_0_0_100_0_0_initstate_116,2
493,0,STUDY_SCENE1_pick_up_the_book_and_place_it_in_the_back_compartment_of_the_caddy_view_0_0_100_0_0_initstate_126,1
494,0,STUDY_SCENE1_pick_up_the_book_and_place_it_in_the_back_compartment_of_the_caddy_view_0_0_100_0_0_initstate_136,1
495,0,STUDY_SCENE1_pick_up_the_book_and_place_it_in_the_back_compartment_of_the_caddy_view_0_0_100_0_0_initstate_156,3
496,0,STUDY_SCENE1_pick_up_the_book_and_place_it_in_the_back_compartment_of_the_caddy_view_0_0_100_0_0_initstate_186,1
497,0,STUDY_SCENE1_pick_up_the_book_and_place_it_in_the_back_compartment_of_the_caddy_view_0_0_100_0_0_initstate_196,2
498,0,STUDY_SCENE1_pick_up_the_book_and_place_it_in_the_back_compartment_of_the_caddy_view_0_0_100_0_0_initstate_206,1
499,0,STUDY_SCENE1_pick_up_the_book_and_place_it_in_the_back_compartment_of_the_caddy_view_0_0_100_0_0_initstate_226,1
500,0,STUDY_SCENE1_pick_up_the_book_and_place_it_in_the_back_compartment_of_the_caddy_view_0_0_100_0_0_initstate_236,2
501,0,STUDY_SCENE1_pick_up_the_book_and_place_it_in_the_back_compartment_of_the_caddy_view_0_0_100_0_0_initstate_246,3
502,0,STUDY_SCENE1_pick_up_the_book_and_place_it_in_the_back_compartment_of_the_caddy_view_0_0_100_0_0_initstate_256,3
503,0,STUDY_SCENE1_pick_up_the_book_and_place_it_in_the_back_compartment_of_the_caddy_view_0_0_100_0_0_initstate_266,3
504,0,STUDY_SCENE1_pick_up_the_book_and_place_it_in_the_back_compartment_of_the_caddy_view_0_0_100_0_0_initstate_276,2
505,0,STUDY_SCENE1_pick_up_the_book_and_place_it_in_the_back_compartment_of_the_caddy_view_0_0_100_0_0_initstate_286,2
506,0,STUDY_SCENE1_pick_up_the_book_and_place_it_in_the_back_compartment_of_the_caddy_view_0_0_100_0_0_initstate_296,5
507,0,STUDY_SCENE1_pick_up_the_book_and_place_it_in_the_back_compartment_of_the_caddy_view_0_0_100_0_0_initstate_306,4
508,0,STUDY_SCENE1_pick_up_the_book_and_place_it_in_the_back_compartment_of_the_caddy_view_0_0_100_0_0_initstate_316,4
509,0,STUDY_SCENE1_pick_up_the_book_and_place_it_in_the_back_compartment_of_the_caddy_view_0_0_100_0_0_initstate_326,3
510,0,STUDY_SCENE1_pick_up_the_book_and_place_it_in_the_back_compartment_of_the_caddy_view_0_0_100_0_0_initstate_336,5
511,0,STUDY_SCENE1_pick_up_the_book_and_place_it_in_the_back_compartment_of_the_caddy_view_0_0_100_0_0_initstate_346,3
512,0,STUDY_SCENE1_pick_up_the_book_and_place_it_in_the_back_compartment_of_the_caddy_view_0_0_100_0_0_initstate_356,5
513,0,STUDY_SCENE1_pick_up_the_book_and_place_it_in_the_back_compartment_of_the_caddy_view_0_0_100_0_0_initstate_366,3
514,0,STUDY_SCENE1_pick_up_the_book_and_place_it_in_the_back_compartment_of_the_caddy_view_0_0_100_0_0_initstate_376,3
515,0,STUDY_SCENE1_pick_up_the_book_and_place_it_in_the_back_compartment_of_the_caddy_view_0_0_100_0_0_initstate_386,2
516,0,STUDY_SCENE1_pick_up_the_book_and_place_it_in_the_back_compartment_of_the_caddy_view_0_0_100_0_0_initstate_396,4
517,0,STUDY_SCENE1_pick_up_the_book_and_place_it_in_the_back_compartment_of_the_caddy_view_0_0_100_0_0_initstate_416,3
518,0,STUDY_SCENE1_pick_up_the_book_and_place_it_in_the_back_compartment_of_the_caddy_view_0_0_100_0_0_initstate_426,5
519,0,STUDY_SCENE1_pick_up_the_book_and_place_it_in_the_back_compartment_of_the_caddy_view_0_0_100_0_0_initstate_436,5
520,0,STUDY_SCENE1_pick_up_the_book_and_place_it_in_the_back_compartment_of_the_caddy_view_0_0_100_0_0_initstate_446,2
521,0,STUDY_SCENE1_pick_up_the_book_and_place_it_in_the_back_compartment_of_the_caddy_view_0_0_100_0_0_initstate_456,3
522,0,STUDY_SCENE1_pick_up_the_book_and_place_it_in_the_back_compartment_of_the_caddy_view_0_0_100_0_0_initstate_466,5
523,0,STUDY_SCENE1_pick_up_the_book_and_place_it_in_the_back_compartment_of_the_caddy_view_0_0_100_0_0_initstate_486,5
524,0,STUDY_SCENE1_pick_up_the_book_and_place_it_in_the_back_compartment_of_the_caddy_view_0_0_100_0_0_initstate_496,3
525,0,LIVING_ROOM_SCENE6_put_the_white_mug_on_the_plate_and_put_the_chocolate_pudding_to_the_right_of_the_plate_view_0_0_100_0_0_initstate_7,1
526,0,LIVING_ROOM_SCENE6_put_the_white_mug_on_the_plate_and_put_the_chocolate_pudding_to_the_right_of_the_plate_view_0_0_100_0_0_initstate_17,1
527,0,LIVING_ROOM_SCENE6_put_the_white_mug_on_the_plate_and_put_the_chocolate_pudding_to_the_right_of_the_plate_view_0_0_100_0_0_initstate_27,2
528,0,LIVING_ROOM_SCENE6_put_the_white_mug_on_the_plate_and_put_the_chocolate_pudding_to_the_right_of_the_plate_view_0_0_100_0_0_initstate_47,1
529,0,LIVING_ROOM_SCENE6_put_the_white_mug_on_the_plate_and_put_the_chocolate_pudding_to_the_right_of_the_plate_view_0_0_100_0_0_initstate_57,1
530,0,LIVING_ROOM_SCENE6_put_the_white_mug_on_the_plate_and_put_the_chocolate_pudding_to_the_right_of_the_plate_view_0_0_100_0_0_initstate_67,1
531,0,LIVING_ROOM_SCENE6_put_the_white_mug_on_the_plate_and_put_the_chocolate_pudding_to_the_right_of_the_plate_view_0_0_100_0_0_initstate_87,2
532,0,LIVING_ROOM_SCENE6_put_the_white_mug_on_the_plate_and_put_the_chocolate_pudding_to_the_right_of_the_plate_view_0_0_100_0_0_initstate_97,1
533,0,LIVING_ROOM_SCENE6_put_the_white_mug_on_the_plate_and_put_the_chocolate_pudding_to_the_right_of_the_plate_view_0_0_100_0_0_initstate_107,2
534,0,LIVING_ROOM_SCENE6_put_the_white_mug_on_the_plate_and_put_the_chocolate_pudding_to_the_right_of_the_plate_view_0_0_100_0_0_initstate_117,1
535,0,LIVING_ROOM_SCENE6_put_the_white_mug_on_the_plate_and_put_the_chocolate_pudding_to_the_right_of_the_plate_view_0_0_100_0_0_initstate_127,1
536,0,LIVING_ROOM_SCENE6_put_the_white_mug_on_the_plate_and_put_the_chocolate_pudding_to_the_right_of_the_plate_view_0_0_100_0_0_initstate_137,1
537,0,LIVING_ROOM_SCENE6_put_the_white_mug_on_the_plate_and_put_the_chocolate_pudding_to_the_right_of_the_plate_view_0_0_100_0_0_initstate_147,2
538,0,LIVING_ROOM_SCENE6_put_the_white_mug_on_the_plate_and_put_the_chocolate_pudding_to_the_right_of_the_plate_view_0_0_100_0_0_initstate_167,4
539,0,LIVING_ROOM_SCENE6_put_the_white_mug_on_the_plate_and_put_the_chocolate_pudding_to_the_right_of_the_plate_view_0_0_100_0_0_initstate_177,2
540,0,LIVING_ROOM_SCENE6_put_the_white_mug_on_the_plate_and_put_the_chocolate_pudding_to_the_right_of_the_plate_view_0_0_100_0_0_initstate_187,1
541,0,LIVING_ROOM_SCENE6_put_the_white_mug_on_the_plate_and_put_the_chocolate_pudding_to_the_right_of_the_plate_view_0_0_100_0_0_initstate_217,3
542,0,LIVING_ROOM_SCENE6_put_the_white_mug_on_the_plate_and_put_the_chocolate_pudding_to_the_right_of_the_plate_view_0_0_100_0_0_initstate_237,4
543,0,LIVING_ROOM_SCENE6_put_the_white_mug_on_the_plate_and_put_the_chocolate_pudding_to_the_right_of_the_plate_view_0_0_100_0_0_initstate_247,2
544,0,LIVING_ROOM_SCENE6_put_the_white_mug_on_the_plate_and_put_the_chocolate_pudding_to_the_right_of_the_plate_view_0_0_100_0_0_initstate_257,3
545,0,LIVING_ROOM_SCENE6_put_the_white_mug_on_the_plate_and_put_the_chocolate_pudding_to_the_right_of_the_plate_view_0_0_100_0_0_initstate_267,3
546,0,LIVING_ROOM_SCENE6_put_the_white_mug_on_the_plate_and_put_the_chocolate_pudding_to_the_right_of_the_plate_view_0_0_100_0_0_initstate_287,2
547,0,LIVING_ROOM_SCENE6_put_the_white_mug_on_the_plate_and_put_the_chocolate_pudding_to_the_right_of_the_plate_view_0_0_100_0_0_initstate_307,3
548,0,LIVING_ROOM_SCENE6_put_the_white_mug_on_the_plate_and_put_the_chocolate_pudding_to_the_right_of_the_plate_view_0_0_100_0_0_initstate_317,1
549,0,LIVING_ROOM_SCENE6_put_the_white_mug_on_the_plate_and_put_the_chocolate_pudding_to_the_right_of_the_plate_view_0_0_100_0_0_initstate_327,5
550,0,LIVING_ROOM_SCENE6_put_the_white_mug_on_the_plate_and_put_the_chocolate_pudding_to_the_right_of_the_plate_view_0_0_100_0_0_initstate_337,5
551,0,LIVING_ROOM_SCENE6_put_the_white_mug_on_the_plate_and_put_the_chocolate_pudding_to_the_right_of_the_plate_view_0_0_100_0_0_initstate_347,3
552,0,LIVING_ROOM_SCENE6_put_the_white_mug_on_the_plate_and_put_the_chocolate_pudding_to_the_right_of_the_plate_view_0_0_100_0_0_initstate_357,2
553,0,LIVING_ROOM_SCENE6_put_the_white_mug_on_the_plate_and_put_the_chocolate_pudding_to_the_right_of_the_plate_view_0_0_100_0_0_initstate_367,2
554,0,LIVING_ROOM_SCENE6_put_the_white_mug_on_the_plate_and_put_the_chocolate_pudding_to_the_right_of_the_plate_view_0_0_100_0_0_initstate_377,4
555,0,LIVING_ROOM_SCENE6_put_the_white_mug_on_the_plate_and_put_the_chocolate_pudding_to_the_right_of_the_plate_view_0_0_100_0_0_initstate_387,4
556,0,LIVING_ROOM_SCENE6_put_the_white_mug_on_the_plate_and_put_the_chocolate_pudding_to_the_right_of_the_plate_view_0_0_100_0_0_initstate_397,3
557,0,LIVING_ROOM_SCENE6_put_the_white_mug_on_the_plate_and_put_the_chocolate_pudding_to_the_right_of_the_plate_view_0_0_100_0_0_initstate_407,2
558,0,LIVING_ROOM_SCENE6_put_the_white_mug_on_the_plate_and_put_the_chocolate_pudding_to_the_right_of_the_plate_view_0_0_100_0_0_initstate_417,4
559,0,LIVING_ROOM_SCENE6_put_the_white_mug_on_the_plate_and_put_the_chocolate_pudding_to_the_right_of_the_plate_view_0_0_100_0_0_initstate_427,3
560,0,LIVING_ROOM_SCENE6_put_the_white_mug_on_the_plate_and_put_the_chocolate_pudding_to_the_right_of_the_plate_view_0_0_100_0_0_initstate_437,4
561,0,LIVING_ROOM_SCENE6_put_the_white_mug_on_the_plate_and_put_the_chocolate_pudding_to_the_right_of_the_plate_view_0_0_100_0_0_initstate_447,5
562,0,LIVING_ROOM_SCENE6_put_the_white_mug_on_the_plate_and_put_the_chocolate_pudding_to_the_right_of_the_plate_view_0_0_100_0_0_initstate_457,5
563,0,LIVING_ROOM_SCENE6_put_the_white_mug_on_the_plate_and_put_the_chocolate_pudding_to_the_right_of_the_plate_view_0_0_100_0_0_initstate_467,2
564,0,LIVING_ROOM_SCENE6_put_the_white_mug_on_the_plate_and_put_the_chocolate_pudding_to_the_right_of_the_plate_view_0_0_100_0_0_initstate_477,4
565,0,LIVING_ROOM_SCENE6_put_the_white_mug_on_the_plate_and_put_the_chocolate_pudding_to_the_right_of_the_plate_view_0_0_100_0_0_initstate_487,3
566,0,LIVING_ROOM_SCENE6_put_the_white_mug_on_the_plate_and_put_the_chocolate_pudding_to_the_right_of_the_plate_view_0_0_100_0_0_initstate_497,5
567,0,LIVING_ROOM_SCENE1_put_both_the_alphabet_soup_and_the_cream_cheese_box_in_the_basket_view_0_0_100_0_0_initstate_8,1
568,0,LIVING_ROOM_SCENE1_put_both_the_alphabet_soup_and_the_cream_cheese_box_in_the_basket_view_0_0_100_0_0_initstate_78,3
569,0,LIVING_ROOM_SCENE1_put_both_the_alphabet_soup_and_the_cream_cheese_box_in_the_basket_view_0_0_100_0_0_initstate_108,3
570,0,LIVING_ROOM_SCENE1_put_both_the_alphabet_soup_and_the_cream_cheese_box_in_the_basket_view_0_0_100_0_0_initstate_118,1
571,0,LIVING_ROOM_SCENE1_put_both_the_alphabet_soup_and_the_cream_cheese_box_in_the_basket_view_0_0_100_0_0_initstate_128,1
572,0,LIVING_ROOM_SCENE1_put_both_the_alphabet_soup_and_the_cream_cheese_box_in_the_basket_view_0_0_100_0_0_initstate_138,3
573,0,LIVING_ROOM_SCENE1_put_both_the_alphabet_soup_and_the_cream_cheese_box_in_the_basket_view_0_0_100_0_0_initstate_148,2
574,0,LIVING_ROOM_SCENE1_put_both_the_alphabet_soup_and_the_cream_cheese_box_in_the_basket_view_0_0_100_0_0_initstate_168,3
575,0,LIVING_ROOM_SCENE1_put_both_the_alphabet_soup_and_the_cream_cheese_box_in_the_basket_view_0_0_100_0_0_initstate_178,3
576,0,LIVING_ROOM_SCENE1_put_both_the_alphabet_soup_and_the_cream_cheese_box_in_the_basket_view_0_0_100_0_0_initstate_188,3
577,0,LIVING_ROOM_SCENE1_put_both_the_alphabet_soup_and_the_cream_cheese_box_in_the_basket_view_0_0_100_0_0_initstate_198,1
578,0,LIVING_ROOM_SCENE1_put_both_the_alphabet_soup_and_the_cream_cheese_box_in_the_basket_view_0_0_100_0_0_initstate_208,3
579,0,LIVING_ROOM_SCENE1_put_both_the_alphabet_soup_and_the_cream_cheese_box_in_the_basket_view_0_0_100_0_0_initstate_218,4
580,0,LIVING_ROOM_SCENE1_put_both_the_alphabet_soup_and_the_cream_cheese_box_in_the_basket_view_0_0_100_0_0_initstate_228,3
581,0,LIVING_ROOM_SCENE1_put_both_the_alphabet_soup_and_the_cream_cheese_box_in_the_basket_view_0_0_100_0_0_initstate_238,4
582,0,LIVING_ROOM_SCENE1_put_both_the_alphabet_soup_and_the_cream_cheese_box_in_the_basket_view_0_0_100_0_0_initstate_248,3
583,0,LIVING_ROOM_SCENE1_put_both_the_alphabet_soup_and_the_cream_cheese_box_in_the_basket_view_0_0_100_0_0_initstate_258,5
584,0,LIVING_ROOM_SCENE1_put_both_the_alphabet_soup_and_the_cream_cheese_box_in_the_basket_view_0_0_100_0_0_initstate_268,2
585,0,LIVING_ROOM_SCENE1_put_both_the_alphabet_soup_and_the_cream_cheese_box_in_the_basket_view_0_0_100_0_0_initstate_288,1
586,0,LIVING_ROOM_SCENE1_put_both_the_alphabet_soup_and_the_cream_cheese_box_in_the_basket_view_0_0_100_0_0_initstate_298,3
587,0,LIVING_ROOM_SCENE1_put_both_the_alphabet_soup_and_the_cream_cheese_box_in_the_basket_view_0_0_100_0_0_initstate_308,3
588,0,LIVING_ROOM_SCENE1_put_both_the_alphabet_soup_and_the_cream_cheese_box_in_the_basket_view_0_0_100_0_0_initstate_318,1
589,0,LIVING_ROOM_SCENE1_put_both_the_alphabet_soup_and_the_cream_cheese_box_in_the_basket_view_0_0_100_0_0_initstate_328,4
590,0,LIVING_ROOM_SCENE1_put_both_the_alphabet_soup_and_the_cream_cheese_box_in_the_basket_view_0_0_100_0_0_initstate_338,4
591,0,LIVING_ROOM_SCENE1_put_both_the_alphabet_soup_and_the_cream_cheese_box_in_the_basket_view_0_0_100_0_0_initstate_348,4
592,0,LIVING_ROOM_SCENE1_put_both_the_alphabet_soup_and_the_cream_cheese_box_in_the_basket_view_0_0_100_0_0_initstate_358,5
593,0,LIVING_ROOM_SCENE1_put_both_the_alphabet_soup_and_the_cream_cheese_box_in_the_basket_view_0_0_100_0_0_initstate_368,1
594,0,LIVING_ROOM_SCENE1_put_both_the_alphabet_soup_and_the_cream_cheese_box_in_the_basket_view_0_0_100_0_0_initstate_378,5
595,0,LIVING_ROOM_SCENE1_put_both_the_alphabet_soup_and_the_cream_cheese_box_in_the_basket_view_0_0_100_0_0_initstate_388,4
596,0,LIVING_ROOM_SCENE1_put_both_the_alphabet_soup_and_the_cream_cheese_box_in_the_basket_view_0_0_100_0_0_initstate_398,4
597,0,LIVING_ROOM_SCENE1_put_both_the_alphabet_soup_and_the_cream_cheese_box_in_the_basket_view_0_0_100_0_0_initstate_408,1
598,0,LIVING_ROOM_SCENE1_put_both_the_alphabet_soup_and_the_cream_cheese_box_in_the_basket_view_0_0_100_0_0_initstate_418,4
599,0,LIVING_ROOM_SCENE1_put_both_the_alphabet_soup_and_the_cream_cheese_box_in_the_basket_view_0_0_100_0_0_initstate_428,4
600,0,LIVING_ROOM_SCENE1_put_both_the_alphabet_soup_and_the_cream_cheese_box_in_the_basket_view_0_0_100_0_0_initstate_438,5
601,0,LIVING_ROOM_SCENE1_put_both_the_alphabet_soup_and_the_cream_cheese_box_in_the_basket_view_0_0_100_0_0_initstate_448,5
602,0,LIVING_ROOM_SCENE1_put_both_the_alphabet_soup_and_the_cream_cheese_box_in_the_basket_view_0_0_100_0_0_initstate_458,3
603,0,LIVING_ROOM_SCENE1_put_both_the_alphabet_soup_and_the_cream_cheese_box_in_the_basket_view_0_0_100_0_0_initstate_468,4
604,0,LIVING_ROOM_SCENE1_put_both_the_alphabet_soup_and_the_cream_cheese_box_in_the_basket_view_0_0_100_0_0_initstate_478,4
605,0,LIVING_ROOM_SCENE1_put_both_the_alphabet_soup_and_the_cream_cheese_box_in_the_basket_view_0_0_100_0_0_initstate_498,4
606,0,KITCHEN_SCENE8_put_both_moka_pots_on_the_stove_view_0_0_100_0_0_initstate_109,2
607,0,KITCHEN_SCENE8_put_both_moka_pots_on_the_stove_view_0_0_100_0_0_initstate_139,5
608,0,KITCHEN_SCENE8_put_both_moka_pots_on_the_stove_view_0_0_100_0_0_initstate_149,3
609,0,KITCHEN_SCENE8_put_both_moka_pots_on_the_stove_view_0_0_100_0_0_initstate_159,3
610,0,KITCHEN_SCENE8_put_both_moka_pots_on_the_stove_view_0_0_100_0_0_initstate_169,2
611,0,KITCHEN_SCENE8_put_both_moka_pots_on_the_stove_view_0_0_100_0_0_initstate_209,3
612,0,KITCHEN_SCENE8_put_both_moka_pots_on_the_stove_view_0_0_100_0_0_initstate_219,5
613,0,KITCHEN_SCENE8_put_both_moka_pots_on_the_stove_view_0_0_100_0_0_initstate_229,4
614,0,KITCHEN_SCENE8_put_both_moka_pots_on_the_stove_view_0_0_100_0_0_initstate_239,3
615,0,KITCHEN_SCENE8_put_both_moka_pots_on_the_stove_view_0_0_100_0_0_initstate_249,5
616,0,KITCHEN_SCENE8_put_both_moka_pots_on_the_stove_view_0_0_100_0_0_initstate_259,3
617,0,KITCHEN_SCENE8_put_both_moka_pots_on_the_stove_view_0_0_100_0_0_initstate_269,2
618,0,KITCHEN_SCENE8_put_both_moka_pots_on_the_stove_view_0_0_100_0_0_initstate_279,3
619,0,KITCHEN_SCENE8_put_both_moka_pots_on_the_stove_view_0_0_100_0_0_initstate_289,3
620,0,KITCHEN_SCENE8_put_both_moka_pots_on_the_stove_view_0_0_100_0_0_initstate_299,4
621,0,KITCHEN_SCENE8_put_both_moka_pots_on_the_stove_view_0_0_100_0_0_initstate_309,5
622,0,KITCHEN_SCENE8_put_both_moka_pots_on_the_stove_view_0_0_100_0_0_initstate_319,3
623,0,KITCHEN_SCENE8_put_both_moka_pots_on_the_stove_view_0_0_100_0_0_initstate_329,5
624,0,KITCHEN_SCENE8_put_both_moka_pots_on_the_stove_view_0_0_100_0_0_initstate_339,5
625,0,KITCHEN_SCENE8_put_both_moka_pots_on_the_stove_view_0_0_100_0_0_initstate_359,4
626,0,KITCHEN_SCENE8_put_both_moka_pots_on_the_stove_view_0_0_100_0_0_initstate_369,3
627,0,KITCHEN_SCENE8_put_both_moka_pots_on_the_stove_view_0_0_100_0_0_initstate_379,5
628,0,KITCHEN_SCENE8_put_both_moka_pots_on_the_stove_view_0_0_100_0_0_initstate_389,4
629,0,KITCHEN_SCENE8_put_both_moka_pots_on_the_stove_view_0_0_100_0_0_initstate_399,4
630,0,KITCHEN_SCENE8_put_both_moka_pots_on_the_stove_view_0_0_100_0_0_initstate_409,5
631,0,KITCHEN_SCENE8_put_both_moka_pots_on_the_stove_view_0_0_100_0_0_initstate_419,4
632,0,KITCHEN_SCENE8_put_both_moka_pots_on_the_stove_view_0_0_100_0_0_initstate_429,4
633,0,KITCHEN_SCENE8_put_both_moka_pots_on_the_stove_view_0_0_100_0_0_initstate_439,4
634,0,KITCHEN_SCENE8_put_both_moka_pots_on_the_stove_view_0_0_100_0_0_initstate_449,4
635,0,KITCHEN_SCENE8_put_both_moka_pots_on_the_stove_view_0_0_100_0_0_initstate_459,5
636,0,KITCHEN_SCENE8_put_both_moka_pots_on_the_stove_view_0_0_100_0_0_initstate_469,4
637,0,KITCHEN_SCENE8_put_both_moka_pots_on_the_stove_view_0_0_100_0_0_initstate_479,5
638,0,KITCHEN_SCENE8_put_both_moka_pots_on_the_stove_view_0_0_100_0_0_initstate_489,4
639,0,KITCHEN_SCENE8_put_both_moka_pots_on_the_stove_view_0_0_100_0_0_initstate_499,4
640,0,KITCHEN_SCENE6_put_the_yellow_and_white_mug_in_the_microwave_and_close_it_view_0_0_100_0_0_initstate_10,2
641,0,KITCHEN_SCENE6_put_the_yellow_and_white_mug_in_the_microwave_and_close_it_view_0_0_100_0_0_initstate_20,2
642,0,KITCHEN_SCENE6_put_the_yellow_and_white_mug_in_the_microwave_and_close_it_view_0_0_100_0_0_initstate_30,1
643,0,KITCHEN_SCENE6_put_the_yellow_and_white_mug_in_the_microwave_and_close_it_view_0_0_100_0_0_initstate_40,2
644,0,KITCHEN_SCENE6_put_the_yellow_and_white_mug_in_the_microwave_and_close_it_view_0_0_100_0_0_initstate_60,2
645,0,KITCHEN_SCENE6_put_the_yellow_and_white_mug_in_the_microwave_and_close_it_view_0_0_100_0_0_initstate_70,2
646,0,KITCHEN_SCENE6_put_the_yellow_and_white_mug_in_the_microwave_and_close_it_view_0_0_100_0_0_initstate_90,2
647,0,KITCHEN_SCENE6_put_the_yellow_and_white_mug_in_the_microwave_and_close_it_view_0_0_100_0_0_initstate_100,1
648,0,KITCHEN_SCENE6_put_the_yellow_and_white_mug_in_the_microwave_and_close_it_view_0_0_100_0_0_initstate_120,3
649,0,KITCHEN_SCENE6_put_the_yellow_and_white_mug_in_the_microwave_and_close_it_view_0_0_100_0_0_initstate_130,2
650,0,KITCHEN_SCENE6_put_the_yellow_and_white_mug_in_the_microwave_and_close_it_view_0_0_100_0_0_initstate_150,2
651,0,KITCHEN_SCENE6_put_the_yellow_and_white_mug_in_the_microwave_and_close_it_view_0_0_100_0_0_initstate_160,2
652,0,KITCHEN_SCENE6_put_the_yellow_and_white_mug_in_the_microwave_and_close_it_view_0_0_100_0_0_initstate_170,2
653,0,KITCHEN_SCENE6_put_the_yellow_and_white_mug_in_the_microwave_and_close_it_view_0_0_100_0_0_initstate_180,1
654,0,KITCHEN_SCENE6_put_the_yellow_and_white_mug_in_the_microwave_and_close_it_view_0_0_100_0_0_initstate_210,1
655,0,KITCHEN_SCENE6_put_the_yellow_and_white_mug_in_the_microwave_and_close_it_view_0_0_100_0_0_initstate_220,2
656,0,KITCHEN_SCENE6_put_the_yellow_and_white_mug_in_the_microwave_and_close_it_view_0_0_100_0_0_initstate_240,1
657,0,KITCHEN_SCENE6_put_the_yellow_and_white_mug_in_the_microwave_and_close_it_view_0_0_100_0_0_initstate_250,3
658,0,KITCHEN_SCENE6_put_the_yellow_and_white_mug_in_the_microwave_and_close_it_view_0_0_100_0_0_initstate_260,2
659,0,KITCHEN_SCENE6_put_the_yellow_and_white_mug_in_the_microwave_and_close_it_view_0_0_100_0_0_initstate_270,5
660,0,KITCHEN_SCENE6_put_the_yellow_and_white_mug_in_the_microwave_and_close_it_view_0_0_100_0_0_initstate_290,2
661,0,KITCHEN_SCENE6_put_the_yellow_and_white_mug_in_the_microwave_and_close_it_view_0_0_100_0_0_initstate_300,4
662,0,KITCHEN_SCENE6_put_the_yellow_and_white_mug_in_the_microwave_and_close_it_view_0_0_100_0_0_initstate_310,4
663,0,KITCHEN_SCENE6_put_the_yellow_and_white_mug_in_the_microwave_and_close_it_view_0_0_100_0_0_initstate_320,4
664,0,KITCHEN_SCENE6_put_the_yellow_and_white_mug_in_the_microwave_and_close_it_view_0_0_100_0_0_initstate_330,4
665,0,KITCHEN_SCENE6_put_the_yellow_and_white_mug_in_the_microwave_and_close_it_view_0_0_100_0_0_initstate_340,5
666,0,KITCHEN_SCENE6_put_the_yellow_and_white_mug_in_the_microwave_and_close_it_view_0_0_100_0_0_initstate_350,5
667,0,KITCHEN_SCENE6_put_the_yellow_and_white_mug_in_the_microwave_and_close_it_view_0_0_100_0_0_initstate_360,4
668,0,KITCHEN_SCENE6_put_the_yellow_and_white_mug_in_the_microwave_and_close_it_view_0_0_100_0_0_initstate_370,5
669,0,KITCHEN_SCENE6_put_the_yellow_and_white_mug_in_the_microwave_and_close_it_view_0_0_100_0_0_initstate_380,3
670,0,KITCHEN_SCENE6_put_the_yellow_and_white_mug_in_the_microwave_and_close_it_view_0_0_100_0_0_initstate_390,5
671,0,KITCHEN_SCENE6_put_the_yellow_and_white_mug_in_the_microwave_and_close_it_view_0_0_100_0_0_initstate_400,5
672,0,KITCHEN_SCENE6_put_the_yellow_and_white_mug_in_the_microwave_and_close_it_view_0_0_100_0_0_initstate_410,3
673,0,KITCHEN_SCENE6_put_the_yellow_and_white_mug_in_the_microwave_and_close_it_view_0_0_100_0_0_initstate_420,5
674,0,KITCHEN_SCENE6_put_the_yellow_and_white_mug_in_the_microwave_and_close_it_view_0_0_100_0_0_initstate_430,4
675,0,KITCHEN_SCENE6_put_the_yellow_and_white_mug_in_the_microwave_and_close_it_view_0_0_100_0_0_initstate_440,4
676,0,KITCHEN_SCENE6_put_the_yellow_and_white_mug_in_the_microwave_and_close_it_view_0_0_100_0_0_initstate_450,5
677,0,KITCHEN_SCENE6_put_the_yellow_and_white_mug_in_the_microwave_and_close_it_view_0_0_100_0_0_initstate_460,5
678,0,KITCHEN_SCENE6_put_the_yellow_and_white_mug_in_the_microwave_and_close_it_view_0_0_100_0_0_initstate_470,4
679,0,KITCHEN_SCENE6_put_the_yellow_and_white_mug_in_the_microwave_and_close_it_view_0_0_100_0_0_initstate_480,4
680,0,KITCHEN_SCENE6_put_the_yellow_and_white_mug_in_the_microwave_and_close_it_view_0_0_100_0_0_initstate_490,3
681,0,KITCHEN_SCENE6_put_the_yellow_and_white_mug_in_the_microwave_and_close_it_view_0_0_100_0_0_initstate_500,4
